OutboundAddress(city= Amz, state= UP, zip= 23221)
OutboundAddress(city= Noida, state= NCR, zip= 201301)
OutboundAddress(city= Noida, state= NCR, zip= 201301)
OutboundAddress(city= Noida, state= NCR, zip= 201301)
OutboundAddress(city= Noida, state= NCR, zip= 201301)
OutboundAddress(city= Noida, state= NCR, zip= 201301)
OutboundAddress(city= Noida, state= NCR, zip= 201301)
OutboundAddress(city= Amz, state= UP, zip= 23221)
OutboundAddress(city= Noida, state= NCR, zip= 201301)
OutboundAddress(city= Noida, state= NCR, zip= 201301)
OutboundAddress(city= Noida, state= NCR, zip= 201301)
OutboundAddress(city= Noida, state= NCR, zip= 201301)
OutboundAddress(city= Noida, state= NCR, zip= 201301)
OutboundAddress(city= Noida, state= NCR, zip= 201301)
